TITLE,ARTIST,KEY,DURATION,TEMPO,COUNTIN,BACKING,NORD,ROLAND,VE,PERFORMANCE KEY,TIME SIGNATURE,SONG ID,SONG LABEL,ENERGY LEVEL,VOCAL INTENSITY,GENRE PRIMARY,GENRE SECONDARY,SING ALONG
I'm Not in Love,10cc,F#m,,,,,,,,,,STU:T:TenCC:ImNotInLove,,3,FULL,Soft Rock,Ballad,FALSE
The Things We Do for Love,10cc,D,,,,,,,,,,STU:T:TenCC:TheThingsWeDoForLove,,6,FULL,Pop Rock,,FALSE
What's Up,4 Non Blondes,A,4:00,67,4,RC,,,,,,DEF:F:FourNonBlondes:WhatsUp,Whats  Up,6,FULL,Alternative,Pop Rock,TRUE
Dancing Queen (Altered),Abba,A,,,,,,,,,,ABC:A:Abba:DancingQueenAltered,,9,FULL,Disco,Pop,TRUE
Dancing Queen (Altered),Abba,E,,,,,,,,,,ABC:A:Abba:DancingQueenAltered-e,,9,FULL,Disco,Pop,TRUE
Does Your Mother Know,Abba,G,3:10,120,8,RC,M22,,,,,ABC:A:Abba:DoesYourMotherKnow,DoesYrKnow,8,FULL,Pop Rock,,FALSE
How Long,Ace,Bb,3:00,121,4,RC,M11,,,,,ABC:A:Ace:HowLong,How   Long,4,FULL,Soft Rock,,FALSE
How Long,Ace,A,3:00,121,4,RC,M11,,,,,ABC:A:Ace:HowLong-a,How   Long,4,FULL,Soft Rock,,FALSE
Take On Me,Aha,A,3:00,100,,,,,,,,ABC:A:Aha:TakeOnMe,,9,FULL,Synth Pop,New Wave,TRUE
Let's Stay Together,Al Green,F,,,,,,,,,,ABC:A:AlGreen:LetsStayTogether,,5,FULL,Soul,,FALSE
Time Passages,Al Stewart,Eb,6:00,111,,,,,,,,ABC:A:AlStewart:TimePassages,,4,FULL,Soft Rock,,FALSE
Year of the Cat,Al Stewart,Em,4:00,116,4,RC,M22,,U6,,,ABC:A:AlStewart:YearOfTheCat,YearOfTheCat,4,FULL,Soft Rock,,FALSE
"Dancin', Shaggin' on the Boulevard",Alabama,G,4:30,103,2,RC,P:55,,,G,,ABC:A:Alabama:DancinShagginOnTheBoulevard,,7,FULL,Country,,FALSE
Remember When,Alan Jackson,G,3:00,100,,,,,,,,ABC:A:AlanJackson:RememberWhen,,2,FULL,Country,,FALSE
Remember When (Linda's Version),"Alan Jackson, Scott Davidson",G,3:00,100,,,,,,,,ABC:A:AlanJackson:RememberWhenLinda,,2,FULL,Country,,FALSE
Undercover Angel,Alan O'Day,Bb,3:30,98,,,,,,,,ABC:A:AlanODay:UndercoverAngel,,7,FULL,Pop,Disco,FALSE
Don't Answer Me,Alan Parsons Project,G,,,,,,,,,,ABC:A:AlanParsonsProject:DontAnswerMe,,6,FULL,Rock,,FALSE
Eye In The Sky,Alan Parsons Project,D,,,,,,,,,,ABC:A:AlanParsonsProject:EyeInTheSky,,5,FULL,Rock,,FALSE
It Never Rains in Southern California,Albert Hammond,G,3:20,117,4,RC,O23,,,,,ABC:A:AlbertHammond:ItNeverRains,Never Rains,4,FULL,Soft Rock,,FALSE
Lost In Your Own Life,Alexa Vega,C,,,,,,,,,,ABC:A:AlexaVega:LostInYourOwnLife,,,,,,
If I Ain't Got You,Alicia Keys,G,,,,,,,,,,ABC:A:AliciaKeys:IfIAintGotYou,,3,FULL,R&B,Soul,FALSE
Southbound,Allman Brothers,F,,,,,,,,,,ABC:A:AllmanBrothers:Southbound,,7,FULL,Southern Rock,,FALSE
A Horse With No Name,America,Em,3:40,123,,,,,,,,ABC:A:America:AHorseWithNoName,,3,FULL,Folk Rock,,FALSE
Lonely People,America,D,2:10,155,,,M15(A3),,,,,ABC:A:America:LonelyPeople,,3,FULL,Soft Rock,,FALSE
Today's The Day,America,E,3:00,101,4,BB,P54,,,,,ABC:A:America:TodaysTheDay,,2,FULL,Soft Rock,,FALSE
Ventura Highway,America,G,3:20,130,,,,,,,,ABC:A:America:VenturaHighway,,4,FULL,Folk Rock,,FALSE
You Can Do Magic,America,Em,3:40,130,8,,,,,,,ABC:A:America:YouCanDoMagic,,5,FULL,Soft Rock,Pop,FALSE
Valerie,Ami Winehouse,Eb,3:10,105,4,,P54,,,,,ABC:A:AmyWinehouse:Valerie,,7,FULL,Soul,Pop,TRUE
Sweet Pea,Amos Lee,C,2:00,100,,,,,,E,,ABC:A:AmosLee:SweetPea,,3,FULL,Folk,Singer-Songwriter,FALSE
Shadows In The Moonlight,Anne Murray,A,,,,,,,,,,ABC:A:AnneMurray:ShadowsInTheMoonlight,,5,FULL,Country,,FALSE
Babay I Love You,Aretha Franklin,C,,100,,,,,,,,ABC:A:ArethaFranklin:BabyILoveYou,,6,FULL,Soul,,FALSE
City of New Orleans,Arlo Guthrie,D,3:45,152,,,O24,,,,,ABC:A:ArloGuthrie:CityOfNewOrleans,,3,FULL,Folk,,FALSE
Do It Or Die,ARS,D,,,,,,,,,,ABC:A:ARS:DoItOrDie,,6,FULL,Rock,,FALSE
So Into You,ARS,Fm,3:50,87,,,,,,,,ABC:A:ARS:SoIntoYou,,4,FULL,Soft Rock,,FALSE
Spooky,ARS,Em,3:22,106,4,,P34,C013,,,,ABC:A:ARS:Spooky,,6,FULL,Rock,,FALSE
Complicated,Avril Lavigne,Dm,3:40,78,4,RC,,,,,,ABC:A:AvrilLavigne:Complicated,Complicated,7,FULL,Pop Rock,,TRUE
Complicated,Avril Lavigne,Em,3:40,78,4,RC,,,,,,ABC:A:AvrilLavigne:Complicated-em,Complicated,7,FULL,Pop Rock,,TRUE
Complicated,Avril Lavigne,C#m,3:40,78,4,RC,,,,C#m,,ABC:A:AvrilLavigne:Complicated-c#m,Complicated,7,FULL,Pop Rock,,TRUE
Takin' Care of Business,Bachman Turner Overdrive (BTO),C,4:50,130,8,RC,N41,,,,,ABC:B:BachmanTurnerOverdrive:TakinCareOfBusiness,Takin  Care,8,FULL,Rock,,TRUE
When I See You Smile,Bad English,G,,,,,,,,,,ABC:B:BadEnglish:WhenISeeYouSmile,,3,FULL,Rock,Ballad,FALSE
Money (That's What I Want),Barrett Strong,E,3:45,132,4,BB,O15,,,,,ABC:B:BarrettStrong:Money,Money Thats,7,FULL,Motown,R&B,TRUE
You Made Me Believe In Magic,Bay City Rollers,Ab,,,,,,,,,,ABC:B:BayCityRollers:YouMadeMeBelieveInMagic,,6,FULL,Pop,,FALSE
Do It Again,Beach Boys,Eb,,,,,,,,,,ABC:B:BeachBoys:DoItAgain,,7,FULL,Pop,Surf Rock,FALSE
"Fun, Fun, Fun",Beach Boys,D,3:00,156,,,M14,,,D,,ABC:B:BeachBoys:FunFunFun,,8,FULL,Surf Rock,,TRUE
Golden Slumbers / Carry That Weight,Beatles,E,2:30,,,,,,,E,,ABC:B:Beatles:GoldenSlumbers-CarryThatWeight-e,,5,FULL,Rock,Pop,FALSE
Golden Slumbers / Carry That Weight,Beatles,Gb,,,,,,,,,,ABC:B:Beatles:GoldenSlumbers-CarryThatWeight,,5,FULL,Rock,Pop,FALSE
Twist & Shout,Beatles,D,2:10,128,,,???,,,,,ABC:B:Beatles:TwistAndShout,,9,FULL,Rock and Roll,,TRUE
Fanny Be Tender With My Love,Bee Gees,E,4:00,97,,,,,,,,ABC:B:BeeGees:FannyBeTenderWithMyLove,,3,FULL,Pop,Ballad,FALSE
How Deep Is Your Love,Bee Gees,Eb,3:30,103,,,M11,,,,,ABC:B:BeeGees:HowDeepIsYourLove,,3,FULL,Pop,Disco,TRUE
Run To Me,Bee Gees,A,,,,,,,,,,ABC:B:BeeGees:RunToMe,,3,FULL,Pop,Ballad,FALSE
If I Said You Have A Beautiful Body,Bellamy Brothers,E,3:10,118,8,,P15,,,,,ABC:B:BellamyBrothers:IfISaidYouHaveABeautifulBody,,6,FULL,Country,,TRUE
Ain't No Sunshine,Bill Withers,Em,3:00,78,,,,,,,,ABC:B:BillWithers:AintNoSunshine,,3,FULL,Soul,R&B,TRUE
Lovely Day,Bill Withers,E,3:40,98,,,,,,,,ABC:B:BillWithers:LovelyDay,,5,FULL,Soul,,FALSE
Let Me Down Easy,Billy Currington,G,3:30,125,4,RC,P55,,,G,,ABC:B:BillyCurrington:LetMeDownEasy,Let MeDown,3,FULL,Country,,FALSE
All For Leyna,Billy Joel,Am,3:30,144,,,,,,,,ABC:B:BillyJoel:AllForLeyna,,6,FULL,Rock,,FALSE
Don't Ask Me Why,Billy Joel,Bb,3:50,99,,,,,,,,ABC:B:BillyJoel:DontAskMeWhy,,5,FULL,Pop Rock,,FALSE
Movin' Out,Billy Joel,Dm,,120,,,,,,,,ABC:B:BillyJoel:MovinOut,,7,FULL,Rock,,FALSE
My Life,Billy Joel,C,3:40,131,8,RC,P32,,,C,,ABC:B:BillyJoel:MyLife-c,MyLife,7,FULL,Rock,,TRUE
My Life,Billy Joel,D,3:40,131,8,RC,P32,,,C,,ABC:B:BillyJoel:MyLife,MyLife,7,FULL,Rock,,TRUE
Piano Man,Billy Joel,Gb,4:40,178,,,,,,A,,ABC:B:BillyJoel:PianoMan-a,,4,FULL,Rock,Pop,TRUE
Piano Man,Billy Joel,C,4:40,178,,,,,,,,ABC:B:BillyJoel:PianoMan-old,,4,FULL,Rock,Pop,TRUE
Piano Man,Billy Joel,C,4:40,178,,,,,,A,,ABC:B:BillyJoel:PianoMan,,4,FULL,Rock,Pop,TRUE
Summer Highland Falls,Billy Joel,F,3:22,90,,,,,,,,ABC:B:BillyJoel:SummerHighlandFalls,,3,FULL,Pop,Ballad,FALSE
The Stranger,Billy Joel,C,,120,,,,,,,,ABC:B:BillyJoel:TheStranger,,5,FULL,Rock,Pop,FALSE
Vienna,Billy Joel,Gm,3:00,63,,,,,,,,ABC:B:BillyJoel:Vienna,,3,FULL,Pop,Ballad,FALSE
Vienna - G#m,Billy Joel,G#m,3:00,63,,,,,,,,ABC:B:BillyJoel:Vienna-g#m,,3,FULL,Pop,Ballad,FALSE
You May Be Right,Billy Joel,G,4:00,150,4,RC,N35,,,G,,ABC:B:BillyJoel:YouMayBeRight-g,YouMayBeRigh,7,FULL,Rock,,TRUE
You May Be Right,Billy Joel,A,4:00,150,4,RC,N35,,,,,ABC:B:BillyJoel:YouMayBeRight,YouMayBeRigh,7,FULL,Rock,,TRUE
You're My Home,Billy Joel,F,3:14,93,,,,,,,,ABC:B:BillyJoel:YoureMyHome,,3,FULL,Pop,Country,FALSE
Have Yourself A Merry Little Christmas,Bing Crosby,C,2:50,80,,,,,,,,VWX:X:Xmas:HaveYourselfAMerryLittleChristmas,,2,FULL,Christmas,,FALSE
It's Beginning To Look A Lot Like Christmas,Bing Crosby,G,2:00,96,4,,,,,,,VWX:X:Xmas:ItsBeginningToLookALotLikeChristmas,,4,FULL,Christmas,,FALSE
Footloose,Blake Shelton,G,,,8,,,,,,,ABC:B:BlakeShelton:Footloose,,8,FULL,Country,,TRUE
Hey Bartender,Blues Brothers,A,,,,,,,,,,ABC:B:BluesBrothers:HeyBartender,,6,FULL,Blues,,FALSE
I Shall Be Released,Bob Dylan,E,2:30,65,,,,,,,,ABC:B:BobDylan:IShallBeReleased,,3,FULL,Folk,,FALSE
Like A Rolling Stone,Bob Dylan,C,,,,,,,,,,ABC:B:BobDylan:LikeARollingStone,,6,FULL,Folk Rock,,TRUE
Make You Feel My Love,Bob Dylan,C,,70,,,,,,,,ABC:B:BobDylan:MakeYouFeelMyLove,,2,FULL,Ballad,,FALSE
Against the Wind,Bob Seger,F,3:50,109,4,RC,M44,,,F,,ABC:B:BobSeger:AgainstTheWind-f,AganstWind,4,FULL,Rock,,FALSE
Against the Wind,Bob Seger,G,4:00,109,4,RC,M44,,,F,,ABC:B:BobSeger:AgainstTheWind,AganstWind,4,FULL,Rock,,FALSE
Hollywood Nights,Bob Seger,E,4:40,150,8,RC,O25,,,,,ABC:B:BobSeger:HollywoodNights,HllywdNights,7,FULL,Rock,,FALSE
Hollywood Nights,Bob Seger,B,4:40,150,8,RC,O25,,,,,ABC:B:BobSeger:HollywoodNights-b,HllywdNights,7,FULL,Rock,,FALSE
Still the Same,Bob Seger,A,3:28,115,4,RC,P55,,,A,,ABC:B:BobSeger:StillTheSame-a,Still Same,5,FULL,Rock,,FALSE
Still the Same,Bob Seger,C,3:28,115,4,RC,P55,,,A,,ABC:B:BobSeger:StillTheSame,Still Same,5,FULL,Rock,,FALSE
Turn The Page,Bob Seger,Em,,,,,,,,,,ABC:B:BobSeger:TurnThePage,,4,FULL,Rock,,FALSE
Ebony Eyes,Bob Welch,Am,2:51,116,8,RC,,,,Gm,,ABC:B:BobWelch:EbonyEyes,Ebony  Eyes,6,FULL,Pop Rock,,FALSE
Ebony Eyes,Bob Welch,Gm,2:51,116,8,RC,,,,Gm,,ABC:B:BobWelch:EbonyEyes-gm,Ebony  Eyes,6,FULL,Pop Rock,,FALSE
Precious Love,Bob Welch,E,,124,,,,,,,,ABC:B:BobWelch:PreciousLove,,5,FULL,Rock,,FALSE
Sentimental Lady,Bob Welch,E,2:45,72,,,,,,,,ABC:B:BobWelch:SentimentalLady,,3,FULL,Soft Rock,,FALSE
Jingle Bell Rock,Bobby Helms,C,1:45,118,4,,,,,,,VWX:X:Xmas:JingleBellRock,,7,FULL,Christmas,,TRUE
Love Sneakin' Up On You,Bonnie Raitt,D,,108,,,,,,,,ABC:B:BonnieRaitt:LoveSneakinUpOnYou,,6,FULL,Blues Rock,,FALSE
Aubrey,Bread,G,,,,,,,,,,ABC:B:Bread:Aubry,,2,FULL,Soft Rock,Ballad,FALSE
Rockin' Around The Christmas Tree,Brenda Lee,G,2:20,138,,,,,,,,VWX:X:Xmas:RockinAroundTheChristmasTree,,7,FULL,Christmas,,TRUE
Love and Mercy,Brian Wilson,G,3:10,96,,,N52,,,,,ABC:B:BrianWilson:LoveAndMercy,,2,FULL,Pop,Ballad,FALSE
Cover Me,Bruce Springsteen,Bm,3:00,120,4,RC,P54,,,,,ABC:B:BruceSpringsteen:CoverMe,Cover  Me,8,FULL,Rock,,FALSE
Hungry Heart,Bruce Springsteen,C,,120,,,,,,,,ABC:B:BruceSpringsteen:HugryHeart,,7,FULL,Rock,,TRUE
Santa Claus Is Coming To Town,Bruce Springsteen,C,3:30,118,,,,,,,,VWX:X:Xmas:SantaClausIsComingToTown,,7,FULL,Christmas,,TRUE
Nothin On You,Bruno Mars & B.o.B,Bb,3:45,107,,,,,,,,ABC:B:BrunoMars:NothinOnYou,,7,FULL,Pop,R&B,TRUE
Die With A Smile,"Bruno Mars, Lady Gaga",A,,,4,RC,,,,,,ABC:B:BrunoMars:DieWithASmile,Die   Smile,4,FULL,Pop,Ballad,FALSE
Cigarette Daydreams,Cage The Elephant,D,3:00,114,,,,,,,,ABC:C:CageTheElephant:CigaretteDaydreams,,5,FULL,Alternative,,FALSE
Havana,Camila Cabello,Gm,,,,,,,,,,ABC:C:CamilaCabello:Havana,,7,FULL,Latin Pop,,TRUE
Come Around Again,Carly Simon,Dm,,,,,,,,,,ABC:C:CarlySimon:ComeAroundAgain,,4,FULL,Pop,,FALSE
Chains,Carole King,D,,,,,,,,,,ABC:C:CaroleKing:Chains,,6,FULL,Pop Rock,,FALSE
I Feel The Earth Move,Carole King,Eb,,,,,,,,,,ABC:C:CaroleKing:IFeelTheEarthMove,,7,FULL,Pop Rock,,FALSE
Will You Love Me Tomorrow,Carole King,C,3:00,80,,,,,,,,ABC:C:CaroleKing:WillYouLoveMeTomorrow,,2,FULL,Pop,Ballad,FALSE
I Won't Last A Day Without You,Carpenters,F,3:20,85,4,,P54,,,,,ABC:C:Carpenters:IWontLastADayWithoutYou-f,,2,FULL,Soft Pop,,FALSE
I Won't Last A Day Without You,Carpenters,G,3:20,85,4,,P54,,,,,ABC:C:Carpenters:IWontLastADayWithoutYou,,2,FULL,Soft Pop,,FALSE
There's A Kind Of Hush,Carpenters,G,2:35,128,,,,,,,,ABC:C:Carpenters:TheresAKindOfHush,,4,FULL,Soft Pop,,FALSE
Before He Cheats,Carrie Underwood,F#m,2:50,150,,,,,,,,ABC:C:CarrieUnderwood:BeforeHeCheats,,8,FULL,Country Rock,,TRUE
Wild World,Cat Stevens,Dm,3:30,152,,,,,,,,ABC:C:CatStevens:WildWorld,,4,FULL,Folk,,FALSE
Ain't Nobody,Chaka Khan / Rufus,Em,,,,,,,,,,ABC:C:ChakaKhan:AintNobody,,7,FULL,Funk,Soul,TRUE
Ain't Nobody - Guitar,Chaka Khan / Rufus,Em,,,,,,,,,,ABC:C:ChakaKhan:AintNobody-Guitar,,7,NONE,Funk,Soul,FALSE
Pink Pony Club,Chappell Roan,F,4:10,106,4,RC,,,,,,ABC:C:ChappellRoan:PinkPonyClub,Pink  Pony,8,FULL,Pop,,TRUE
I Want You To Want Me,Cheap Trick,A,4:00,110,,,,,,,,ABC:C:CheapTrick:IWantYouToWantMe,,7,FULL,Power Pop,,TRUE
Fool If You Think It's Over,Chris Rea,Am,4:10,110,,,N52,,,,,ABC:C:ChrisRea:FoolIfYouThinkItsOver,,4,FULL,Soft Rock,,FALSE
Starting Over,Chris Stapleton,G,3:45,90,4,RC,D53,,,Bb,,ABC:C:ChrisStapleton:StartingOver,Start Over,4,FULL,Country,,FALSE
Where Are You Listening To?,Chris Stapleton,Bb,,,,,,,,,,ABC:C:ChrisStapleton:WhatAreYouListeningToo,,,,,,
Ride Like The Wind,Christopher Cross,Eb,4:00,125,,,P33,,,,,ABC:C:ChristopherCross:RideLikeTheWind,,5,FULL,Soft Rock,Yacht Rock,FALSE
Sailing,Christopher Cross,D,4:15,80,,,P33,,,,,ABC:C:ChristopherCross:Sailing,,1,FULL,Soft Rock,Yacht Rock,FALSE
A Better Man,Clint Black,E,3:00,162,4,RC,O55,,,E,,ABC:C:ClintBlack:ABetterMan,,4,FULL,Country,,FALSE
Fix You,Cold Play,Cm,3:45,138,,,,,,,,ABC:C:ColdPlay:FixYou,,4,FULL,Alternative,Pop Rock,TRUE
Speed Of Sound,Coldplay,A,3:35,124,,,,,,,,ABC:C:ColdPlay:SpeedOfSound,,6,FULL,Alternative,,FALSE
Easy,Commodores,F,3:40,67,4,RC,P55-3,,,,,ABC:C:Commodores:Easy-f,Easy,2,FULL,Soul,Ballad,FALSE
Easy,Commodores,Ab,4:10,67,4,RC,P55-3,,,,,ABC:C:Commodores:Easy,Easy,2,FULL,Soul,Ballad,FALSE
Sail On,Commodores,D,,,,,,,,,,ABC:C:Commodores:SailOn,,3,FULL,Soul,Soft Rock,FALSE
Pretty Little Baby,Connie Francis,Db,,,,,,,,,,ABC:C:ConnieFrancis:PrettyLittleBaby,,5,FULL,Pop,Oldies,FALSE
Who's Sorry Now,Connie Francis,Bb,,,,,,,,,,ABC:C:ConnieFrancis:WhosSorryNow,,4,FULL,Pop,Oldies,FALSE
Put Your Records On,Corrine Bailey Rae,A,3:00,96,4,,N24,,,,,ABC:C:CorrineBailyRae:PutYourRecordsOn,,5,FULL,Soul,Pop,FALSE
Accidentally In Love,Counting Crows,G,3:00,138,4,,O11,,,,,ABC:C:CountingCrows:AccidentallyInLove,,7,FULL,Pop Rock,,TRUE
Have You Ever Seen The Rain,Creedence Clearwater Revival,C,,108,,,,,,,,ABC:C:CCR:HaveYouEverSeenTheRain,,5,FULL,Rock,,TRUE
Just A Song Before I Go,"Crosby, Stills, Nash and Young",Dm,4:00,107,,,M14(A2),,,Dm,,ABC:C:CSNY:JustASongBeforeIGo,BeforeIGo,3,FULL,Folk Rock,,FALSE
Don't Dream It's Over,Crowded House,C,3:40,81,4,RC,,,,C,,ABC:C:CrowdedHouse:DontDreamItsOver,,4,FULL,Rock,,TRUE
( I Just ) Died In Your Arms,Cutting Crew,Bm,4:05,125,8,RC,P15,,,,,ABC:C:CuttingCrew:DiedInYourArms,DiedInYrArms,6,FULL,Rock,,FALSE
Beautiful Sunday,Daniel Boone,C,3:00,120,,,P55,,,,,DEF:D:DanielBoone:BeautifulSunday,,6,FULL,Pop,,FALSE
Wagon Wheel,Darius Rucker,G,3:50,148,4,,O55,,,,,DEF:D:DariusRucker:WagonWheel,Wagon Wheel,7,FULL,Country,Folk,TRUE
Party Crowd,David Lee Murphy,G,3:00,127,,,,,,,,DEF:D:DavidLeeMurphy:PartyCrowd,,7,FULL,Country,,FALSE
Let It Snow,Dean Martin,A,1:50,95,,,,,,,,VWX:X:Xmas:LetItSnow,,4,FULL,Christmas,,FALSE
Leap Of Faith,Delbert McClinton,B,,,,,,,,,,DEF:D:DelbertMcClinton:LeapOfFaith,,5,FULL,Blues Rock,,FALSE
Forever,Dennis Wilson / Beach Boys,D,,,,,,,,,,ABC:B:BeachBoys:Forever,,2,FULL,Pop,Ballad,FALSE
Enjoy the Silence,Depeche Mode,Bm,,,,,,,,,,DEF:D:DepecheMode:EnjoyTheSilence,,5,FULL,Synth Pop,New Wave,FALSE
One More Day,Diamond Rio,E,3:45,100,,,,,,,,DEF:D:DiamondRio:OneMoreDay,,3,FULL,Country,,FALSE
Then Came You,Dionne Warwick,F,3:00,116,4,RC,M23,,,,,DEF:D:DioneWarwick:ThenCameYou,Then  Came,6,FULL,Soul,Pop,FALSE
Heartbreaker,Dionne Warwick / Bee Gees,G,,,,,,,,,,DEF:D:DioneWarwick:HeartBreaker,,7,FULL,Pop,Disco,FALSE
Let 'Er Rip,Dixie Chicks,A,3:00,150,,,N53,,,,,DEF:D:DixieChicks:LetErRip,,7,FULL,Country,,FALSE
Some Days You Gotta Dance,Dixie Chicks,E,2:28,170,,,,,,,,DEF:D:DixieChicks:SomeDaysYouGottaDance,,7,FULL,Country,,FALSE
Wide Open Spaces,Dixie Chicks,D,3:00,90,,,N31,,,,,DEF:D:DixieChicks:WideOpenSpaces,,6,FULL,Country,,TRUE
The End Of The Innocence,Don Henley,G,3:55,120,4,RC,O55,,,,,DEF:D:DonHenley:TheEndOfTheInnocence,,4,FULL,Rock,,FALSE
Vincent,Don McLean,G,,,,,,,,,,DEF:D:DonMcLean:Vincent,,2,FULL,Folk,Ballad,FALSE
Hot Stuff,Donna Summer,Gm,,,,,,,,,,DEF:D:DonnaSummer:HotStuff,,9,FULL,Disco,,TRUE
Long Train Runnin',Doobie Brothers,Gm,3:20,117,4,RC,,,,,,DEF:D:DoobieBros:LongTrainRunning,Long  Train,8,FULL,Rock,,FALSE
Long Train Runnin’,Doobie Brothers,Gm,,,,,,,,,,DEF:D:DoobieBros:LongTrainRunning-MVP,,8,FULL,Rock,,FALSE
Takin' It To The Streets,Doobie Brothers,B,,,,,,,,,,DEF:D:DoobieBros:TakinItToTheStreets-b,,7,FULL,Rock,Soul,FALSE
Takin' It To The Streets,Doobie Brothers,F,,,,,,,,,,DEF:D:DoobieBros:TakinItToTheStreets,,7,FULL,Rock,Soul,FALSE
Sharing The Night Together,Dr. Hook,E,2:45,154,4,RC,P11,,,E,,DEF:D:DrHook:SharingTheNightTogether-e,,5,FULL,Soft Rock,,FALSE
Sharing The Night Together,Dr. Hook,C,2:45,154,4,RC,P11,,,E,,DEF:D:DrHook:SharingTheNightTogether,,5,FULL,Soft Rock,,FALSE
Levitating,Dua Lipa,Am,,,,,,,,,,DEF:D:DuaLipa:Levitating,,9,FULL,Pop,Disco,TRUE
Love Again,Dua Lipa,F#m,3:50,116,,,,,,,,DEF:D:DuaLipa:LoveAgain,,8,FULL,Pop,,FALSE
Ordinary World,Duran Duran,Bm,4:35,140,8,RC,N32,,,Bm,,DEF:D:DuranDuran:OrdinaryWorld,OrdnryWorld,4,FULL,New Wave,Pop Rock,FALSE
Ain't That Lonely Yet,Dwight Yoakam,F,3:10,107,,,,,,,,DEF:D:DwightYokam:AintThatLonelyYet,,6,FULL,Country,,FALSE
Fast As You,Dwight Yoakam,E,4:30,126,,,,,,,,DEF:D:DwightYokam:FastAsYou,,7,FULL,Country Rock,,FALSE
Little Sister,Dwight Yoakam,E,3:00,144,4,BB,O14,,,,,DEF:D:DwightYokam:LittleSister,LittleSister,7,FULL,Country Rock,,FALSE
I Can't Tell You Why,Eagles,Bm,,,,,,,,,,DEF:E:Eagles:ICantTellYouWhy,,3,FULL,Soft Rock,,FALSE
Love Will Keep Us Alive,Eagles,A,,90,,,,,,,,DEF:E:Eagles:LoveWillKeepUsAlive,,3,FULL,Soft Rock,Ballad,FALSE
Lyin' Eyes,Eagles,G,3:45,133,8,,O55,,,,,DEF:E:Eagles:LyinEyes,Lyin  Eyes,4,FULL,Country Rock,,FALSE
Santa Baby,Eartha Kitt,G,2:30,151,,,,,,,,VWX:X:Xmas:SantaBaby,,4,FULL,Christmas,,FALSE
Hey There Lonely Girl,Eddie Holman,G,3:00,,,,,,,,,DEF:E:EddieHolman:HeyThereLonelyGirl,,3,FULL,Soul,Ballad,FALSE
Think I'm In Love,Eddie Money,Eb,4:00,152,,,,,,,,DEF:E:EddieMoney:ThinkImInLove,,6,FULL,Rock,,FALSE
Last Song,Edward Bear,G,3:00,,,,P55,,,,,DEF:E:EdwardBear:LastSong,,3,FULL,Soft Rock,Ballad,FALSE
Can't Get You Out Of My Head,ELO,C,4:00,85,,,,,,,,DEF:E:ELO:CantGetYouOutOfMyHead,,8,FULL,Dance Pop,,TRUE
Midnight Blue,ELO,F,4:10,141,,,,,,D,,DEF:E:ELO:MidnightBlue,,,,,,
When I Was A Boy,ELO ( Jeff Lynne ),C,,,,,,,,,,DEF:E:ELO:WhenIWasABoy,When IWasBoy,,,,,
Rockaria,ELO / Jeff Lynne,D,,,,,,,,,,DEF:E:ELO:Rockaria,,7,FULL,Rock,,FALSE
Crocodile Rock,Elton John,G,3:10,151,8,RC,P25,,,G,,DEF:E:EltonJohn:CrocodileRock,CrocodRock,8,FULL,Rock,,TRUE
Daniel,Elton John,C,3:30,66,,,,,,,,DEF:E:EltonJohn:Daniel,Daniel,3,FULL,Pop,Ballad,FALSE
Daniel,Elton John,A,3:30,66,8,,N43,,,,,DEF:E:EltonJohn:Daniel-a,Daniel,3,FULL,Pop,Ballad,FALSE
Rocket Man,Elton John,G,3:40,68,8,,N12,,,,,DEF:E:EltonJohn:RocketMan,,4,FULL,Pop,,TRUE
Tiny Dancer,Elton John,C,5:50,72,8,,P55,,,A,,DEF:E:EltonJohn:TinyDancer,Tiny  Dancer,4,FULL,Pop,,TRUE
Tiny Dancer,Elton John,A,5:50,72,8,,P55,,,A,,DEF:E:EltonJohn:TinyDancer-a,Tiny  Dancer,4,FULL,Pop,,TRUE
Burning Love,Elvis,D,,144,,,,,,,,DEF:E:Elvis:BurningLove,,7,FULL,Rock and Roll,,FALSE
Blue Christmas,Elvis Presley,E,1:50,95,,,,,,,,VWX:X:Xmas:BlueChristmas,,2,FULL,Christmas,,FALSE
I'd Really Love To See You Tonight,England Dan / John Ford Coley,F,,,,,,,,,,DEF:E:EnglandDanJohnFordColey:IdReallyLoveToSeeYouTonight,,3,FULL,Soft Rock,Ballad,FALSE
Change The World,Eric Clapton,E,3:30,97,,,,,,,,DEF:E:EricClapton:ChangeTheWorld,,3,FULL,Pop,Ballad,FALSE
Cocaine,Eric Clapton,E,,,,,,,,,,DEF:E:EricClapton:Cocaine,,6,FULL,Rock,Blues Rock,FALSE
I Shot the Sheriff,Eric Clapton,Gm,3:50,94,4,RC,P54,A052,,Gm,,DEF:E:EricClapton:IShotTheSheriff,,6,FULL,Reggae,,FALSE
Layla,Eric Clapton,Dm,4:00,94,4,,O55,,,Dm,,DEF:E:EricClapton:Layla,,7,FULL,Rock,Blues Rock,TRUE
Nobody Knows You When You're Down And Out,Eric Clapton,C,3:50,89,4,,N45,,,C,,DEF:E:EricClapton:NobodyKnowsYou,,3,FULL,Blues,,FALSE
Over the Rainbow,Eric Clapton,E,,,,,,,,,,DEF:E:EricClapton:OverTheRainbow,,2,FULL,Ballad,,FALSE
San Francisco Bay Blues,Eric Clapton,C,3:00,162,,,,,,,,DEF:E:EricClapton:SanFranciscoBayBlues,,5,FULL,Blues,Folk,FALSE
Downhome Blues,Etta James,G,4:30,85,4,RC,P55,,,,,DEF:E:EttaJames:DownhomeBlues,Down  Blues,5,FULL,Blues,,FALSE
You Are The Woman,Firefall,A,3:30,120,,,,,,,,DEF:F:Firefall:YouAreTheWoman,,4,FULL,Soft Rock,,FALSE
Don't Stop,Fleetwood Mac,E,3:00,119,0,,N54,,,,,DEF:F:FleetwoodMac:DontStop,,7,FULL,Rock,Pop Rock,TRUE
Go Your Own Way,Fleetwood Mac,F,3:00,106,???,,???,,,,,DEF:F:FleetwoodMac:GoYourOwnWay,,7,FULL,Rock,,TRUE
Landslide,Fleetwood Mac,Eb,,,,,,,,Eb,,DEF:F:FleetwoodMac:Landslide,,2,FULL,Folk Rock,Ballad,TRUE
Landslide,Fleetwood Mac,C,,,,,,,,,,DEF:F:FleetwoodMac:Landslide-c,,2,FULL,Folk Rock,Ballad,TRUE
Landslide,Fleetwood Mac,Eb,,,,,,,,Eb,,DEF:F:FleetwoodMac:Landslide-lyrics,,2,FULL,Folk Rock,Ballad,TRUE
Say That You Love Me,Fleetwood Mac,A,3:00,128,4,,N12,,,A,,DEF:F:FleetwoodMac:SayThatYouLoveMe,,5,FULL,Rock,,FALSE
Much Too Young To Feel This Damnn Old,Garth Brooks,D,2:33,162,4,RC,O42,,,,,GHI:G:GarthBrooks:MuchTooYoungToFeel,MuchToYoung,5,FULL,Country,,FALSE
Before My Heart Finds Out,Gene Cotton,F,2:10,123,,,,,,,,GHI:G:GeneCotton:BeforeMyHeartFindsOut,,4,FULL,Soft Rock,,FALSE
In Too Deep,Genesis,G,,,,,,,,,,GHI:G:Genesis:InTooDeep,,3,FULL,Pop,Ballad,FALSE
That's All,Genesis,Em,4:00,88,4,RC,P53,,,,,GHI:G:Genesis:ThatsAll,Thats  All,5,FULL,Pop Rock,,FALSE
My Sweet Lord,George Harrison,Em,3:55,110,,,,,,,,GHI:G:GeorgeHarrison:MySweetLord,,5,FULL,Rock,,TRUE
Something,George Harrison,C,,132,,,,,,,,GHI:G:GeorgeHarrison:Something,,3,FULL,Pop,Ballad,FALSE
While My Guitar Gently Weeps,George Harrison,Am,3:47,123,4,RC,,,,,,GHI:G:GeorgeHarrison:WhileMyGuitarGentlyWeeps,GuitarWeeps,5,FULL,Rock,,FALSE
Careless Whisper,George Michael,Dm,3:00,80,,,,,,,,GHI:G:GeorgeMichael:CarelessWhisper,,4,FULL,Pop,R&B,TRUE
Faith,George Michael,B,,,,,,,,,,GHI:G:GeorgeMichael:Faith,,7,FULL,Pop,,TRUE
As Far As It Goes,George Strait,D,3:10,137,,,,,,,4/4,GHI:G:GeorgeStrait:AsFarAsItGoes-d,,4,FULL,Country,,FALSE
As Far As It Goes,George Strait,C,3:10,137,,,,,,,4/4,GHI:G:GeorgeStrait:AsFarAsItGoes,,4,FULL,Country,,FALSE
Get Down,Gilbert O'Sullivan,Bb,,,,,,,,,,GHI:G:GilbertOSullivan:GetDown,,6,FULL,Pop,,FALSE
Til I Hear It From You,Gin Blossoms,A,3:40,124,8,RC,,,,G,,GHI:G:GinBlossoms:TilIHearItFromYou,,6,FULL,Alternative,Pop Rock,FALSE
Til I Hear It From You,Gin Blossoms,G,3:40,124,8,RC,,,,G,,GHI:G:GinBlossoms:TilIHearItFromYou-g,,6,FULL,Alternative,Pop Rock,FALSE
The One You Love,Glenn Frey,Em,3:15,80,,,,,,,,GHI:G:GlennFrey:TheOneYouLove,,3,FULL,Soft Rock,Ballad,FALSE
I Will Survive,Gloria Gaynor,Am,3:20,117,,,24,,,,,GHI:G:GloriaGaynor:IWillSurvive,,8,FULL,Disco,,TRUE
Carefree Highway,Gordon Lightfoot,E,2:20,85,,,,,,E,,GHI:G:GordonLightfoot:CarefreeHighway-e,,4,FULL,Folk,,FALSE
Carefree Highway,Gordon Lightfoot,D,2:20,85,,,N52,,,E,,GHI:G:GordonLightfoot:CarefreeHighway,,4,FULL,Folk,,FALSE
Friend of the Devil,Grateful Dead,G,3:10,110,,,,,,,,GHI:G:GratefulDead:FriendOfTheDevil,,4,FULL,Folk Rock,,FALSE
Good Riddance (Time of Your Life),Green Day,G,2:10,95,,,,,,,,GHI:G:GreenDay:GoodRiddance,,3,FULL,Alternative,Punk,TRUE
Breakup Song,Greg Kihn,Am,2:49,136,4,,P41,,,F#m,,GHI:G:GregKihn:BreakupSong,Brkup Song,7,FULL,Rock,,FALSE
Breakup Song,Greg Kihn,F#m,3:00,136,4,,P41,,,F#m,,GHI:G:GregKihn:BreakupSong-f#m,Brkup Song,7,FULL,Rock,,FALSE
Undun,Guess Who,Em,3:30,100,,,,,,,,GHI:G:GuessWho:Undun,,5,FULL,Rock,,FALSE
Hearts Are Gonna Roll,Hal Ketchum,D,3:15,100,8,RC,P21,,P13,,,GHI:H:HalKetchum:HeartsAreGonnaRoll,HeartsGonna,6,FULL,Country,,FALSE
Past The Point Of Rescue,Hal Ketchum,Em,2:43,96,8,RC,O:24,,,Em,,GHI:H:HalKetchum:PastThePointOfRescue,Past  Point,3,FULL,Country,,FALSE
Small Town Saturday Night,Hal Ketchum,G,2:30,100,8,RC,,,,G,,GHI:H:HalKetchum:SmallTownSaturdayNight,Small  Town,6,FULL,Country,,FALSE
Softer Than a Whisper,Hal Ketchum,C,3:05,95,,,,,,,,GHI:H:HalKetchum:SofterThanAWhisper,,3,FULL,Country,,FALSE
Everything Your Heart Desires,Hall & Oates,A,,108,,,,,,,,GHI:H:HallAndOates:EverythingYourHeartDesires,,5,FULL,Pop Rock,,FALSE
I Can't Go For That,Hall & Oates,Eb,,,,,,,,,,GHI:H:HallAndOates:ICantGoForThat,,6,FULL,Pop,R&B,FALSE
Rich Girl,Hall & Oates,F,,,,,,,,,,GHI:H:HallAndOates:RichGirl,,6,FULL,Pop,,FALSE
All My Rowdy Friends Are Coming Over Tonight,Hank Williams Jr.,G,3:30,120,,,,,,,,GHI:H:HankWilliamsJr:AllMyRowdyFriends,,7,FULL,Country,,TRUE
Tell It Like It Is,Heart,F,3:50,67,,,,,,,6/8,GHI:H:Heart:TellItLikeItIs,,5,FULL,Rock,,FALSE
Always and Forever,Heatwave,D,,,,,,,,,,GHI:H:Heatwave:AlwaysAndForever,,3,FULL,Soul,Ballad,FALSE
Shannon,Henry Gross,F,,,,,,,,,,GHI:H:HenryGross:Shannon,,2,FULL,Pop,Ballad,FALSE
Hold My Hand,Hootie (Darius Rucker) and the Blowfish,B,3:35,101,,,,,,,,DEF:D:DariusRucker:HoldMyHand,,7,FULL,Pop Rock,,TRUE
Do You Believe In Love,Huey Lewis and the News,G,,,,,,,,,,GHI:H:HueyLewis:DoYouBelieveInLove,,7,FULL,Rock,Pop,FALSE
Need You Tonight,INXS,C,2:55,109,,,,,,,,GHI:I:INXS:NeedYouTonight,,7,FULL,Rock,,TRUE
Call Me The Breeze,J.J. Cale,F#,3:10,180,4,BB,O55,,,,,JKL:J:JJCale:CallMeTheBreeze,,5,FULL,Blues Rock,,FALSE
Call Me The Breeze,J.J. Cale,G,3:10,180,4,BB,O55,,,,,JKL:J:JJCale:CallMeTheBreeze-g,,5,FULL,Blues Rock,,FALSE
Running On Empty,Jackson Brown,A,4:10,137,8,RC,P55,,,,,JKL:J:JacksonBrowne:RunningOnEmpty,Run OnEmpty,6,FULL,Rock,,FALSE
Running On Empty - G,Jackson Brown,G,4:10,137,8,RC,P55,,,G,,JKL:J:JacksonBrowne:RunningOnEmpty-g,Run OnEmpty,6,FULL,Rock,,FALSE
Stay,Jackson Browne,G,3:00,106,,,P25,,,,,JKL:J:JacksonBrowne:Stay,,5,FULL,Rock,,FALSE
Get Up,James Brown,Eb,3:15,140,,,,,,,,JKL:J:JamesBrown:GetUp,,7,FULL,Funk,,TRUE
I'm Yours,Jason Mraz,B,3:45,75,,,,,,,,JKL:J:JasonMraz:ImYours,,5,FULL,Pop,Reggae,TRUE
Who Will Save My Soul,Jewel,Am,,126,,,,,,,,JKL:J:Jewel:WhoWillSaveMySoul,,3,FULL,Folk,Singer-Songwriter,FALSE
Bad Bad Leroy Brown,Jim Croce,G,2:35,148,8,RC,O55,,,,,JKL:J:JimCroce:BadBadLeroyBrown,BadBadLeroy,6,FULL,Folk Rock,,TRUE
You Don't Mess Around With Jim,Jim Croce,F,,164,,,,,,,,JKL:J:JimCroce:YouDontMessAroundWithJim,,5,FULL,Folk Rock,,FALSE
Sensitive Kind,JJ Cale,Dm,5:00,101,,,N11,,,,,JKL:J:JJCale:SensitiveKind,,4,FULL,Blues Rock,,FALSE
Bye Bye,Jo Dee Messina,G,3:12,134,8,RC,O24,,,Bb (+3),,JKL:J:JoDeeMessina:ByeBye,ByeBye,7,FULL,Country,,FALSE
Bye Bye,Jo Dee Messina,Bb,3:12,134,8,RC,O24,,,Bb,,JKL:J:JoDeeMessina:ByeBye-bb,ByeBye,7,FULL,Country,,FALSE
Feelin' Alright,Joe Cocker,C,4:00,88,,,,,,,,JKL:J:JoeCocker:FeelinAlright,,6,FULL,Rock,Soul,FALSE
The Letter,Joe Cocker,Bbm,3:20,90,4,RC,P55,A058,,,,JKL:J:JoeCocker:TheLetter,,6,FULL,Rock,Soul,FALSE
The Letter,Joe Cocker,Gm,3:20,90,4,RC,P55,A058,,,,JKL:J:JoeCocker:TheLetter-gm,,6,FULL,Rock,Soul,FALSE
Unchain My Heart,Joe Cocker,Am,5:07,118,0,RC,O:24,,,,,JKL:J:JoeCocker:UnchainMyHeart,Unchn Heart,7,FULL,Rock,Soul,TRUE
Unchain My Heart (Extended),Joe Cocker,Am,5:07,118,0,RC,O:24,,,,,JKL:J:JoeCocker:UnchainMyHeartExtended,Unchn Heart,7,FULL,Rock,Soul,TRUE
Steppin' Out,Joe Jackson,F#,3:45,160,,,,,,,,JKL:J:JoeJackson:SteppinOut,,6,FULL,Pop Rock,,FALSE
Steppin' Out,Joe Jackson,Eb,3:45,160,,,,,,,,JKL:J:JoeJackson:SteppinOut-eb,,6,FULL,Pop Rock,,FALSE
Memphis in the Meantime,John Hiatt,E,,,,,,,,,,JKL:J:JohnHiatt:MemphisInTheMeantime,,6,FULL,Rock,Blues Rock,FALSE
Beautiful Boy,John Lennon,D,,100,,,,,,,,JKL:J:JohnLennon:BeautifulBoy,,2,FULL,Pop,Ballad,FALSE
Jealous Guy,John Lennon,G,3:00,80,,,,,,,,JKL:J:JohnLennon:JealousGuy,,3,FULL,Pop,Ballad,FALSE
Oh My Love,John Lennon,A,2:45,64,,,,,,,,JKL:J:JohnLennon:OhMyLove,,2,FULL,Pop,Ballad,FALSE
Watching The Wheels,John Lennon,A,3:30,83,4,RC,A3(M14),,,,,JKL:J:JohnLennon:WatchingTheWheels-a,Watch Wheels,3,FULL,Pop,,FALSE
Watching The Wheels,John Lennon,C,3:30,83,4,RC,A3(M14),,,,,JKL:J:JohnLennon:WatchingTheWheels,Watch Wheels,3,FULL,Pop,,FALSE
Woman,John Lennon,Eb,3:00,159,,,,,,,,JKL:J:JohnLennon:Woman,,3,FULL,Pop,Ballad,FALSE
I’m Gonna Find Another You,John Mayer,A,3:00,150,,,,,,,,JKL:J:JohnMayer:ImGonnaFindAnotherYou,,5,FULL,Pop Rock,Blues Rock,FALSE
Ain't Even Done With The Night,John Mellencamp,B,4:10,120,8,RC,N12,,,,,JKL:J:JohnMellencamp:AintEvenDoneWithTheNight,Aint  Done,7,FULL,Rock,,FALSE
Ain't Even Done With The Night,John Mellencamp,A,4:10,120,8,RC,N12,,,,,JKL:J:JohnMellencamp:AintEvenDoneWithTheNight-a,Aint  Done,7,FULL,Rock,,FALSE
Cherry Bomb,John Mellencamp,G,4:10,113,4,RC,O55,,,G,,JKL:J:JohnMellencamp:CherryBomb,,6,FULL,Rock,,FALSE
Jack and Diane,John Mellencamp,A,3:40,104,4,,,,,A,,JKL:J:JohnMellencamp:JackandDiane,,6,FULL,Rock,,TRUE
R.O.C.K. In The U.S.A,John Mellencamp,E,2:55,166,8,RC,,,,,,JKL:J:JohnMellencamp:ROCKInTheUSA,RockIn USA,8,FULL,Rock,,TRUE
Let Her In,John Travolta,E,3:45,120,,,,,,,,JKL:J:JohnTravolta:LetHerIn,,4,FULL,Pop,,FALSE
Looking for Love,Johnny Lee,E,,120,,,,,,,,JKL:J:JohnnyLee:LookingForLove,,6,FULL,Country,,FALSE
Don't Forget (Welcome to Wrexham),Jon Hume,C,,,,,,,,,,JKL:J:JonHume:DontForget,,,,,,
Dirt On My Boots,Jon Pardi,C#m,3:10,90,4,,P55,,,,,JKL:J:JonPardi:DirtOnMyBoots,,7,FULL,Country,,FALSE
Hey California,Jon Pardi,Em,3:40,130,8,RC,P55,,,,,JKL:J:JonPardi:HeyCalifornia,Hey   Cali,6,FULL,Country,,FALSE
Tuscon Too Late,Jordan Davis,G,2:45,106,4,RC,P33,,,,,JKL:J:JordanDavis:TusconTooLate,,4,FULL,Country,,FALSE
Jacksonville,Josh Turner,D,3:30,100,4,BB,,,,,,JKL:J:JoshTurner:Jacksonville-d,,4,FULL,Country,,FALSE
Jacksonville,Josh Turner,C,3:30,100,4,BB,,,,,,JKL:J:JoshTurner:Jacksonville,,4,FULL,Country,,FALSE
Over the Rainbow,Judy Garland,E,,,,,,,,,,JKL:J:JudyGarland:OverTheRainbow-e,,2,FULL,Ballad,,FALSE
Over the Rainbow,Judy Garland,Bb,,,,,,,,,,JKL:J:JudyGarland:OverTheRainbow-bb,,2,FULL,Ballad,,FALSE
Over the Rainbow,Judy Garland,Eb,,,,,,,,,,JKL:J:JudyGarland:OverTheRainbow,,2,FULL,Ballad,,FALSE
Deeper Well,Kacy Musgraves,C,3:30,111,,,,,,,,JKL:K:KaceyMusgraves:DeeperWell,,2,FULL,Country,Folk,FALSE
Rainbow,Kacy Musgraves,Eb,2:50,65,,,P23,,,,,JKL:K:KaceyMusgraves:Rainbow,,2,FULL,Country,Ballad,FALSE
Slow Burn,Kacy Musgraves,G,3:00,148,4,,O24,,,,,JKL:K:KaceyMusgraves:SlowBurn,,3,FULL,Country,,FALSE
Bury Me In Georgia,Kane Brown,Gm,3:00,80,,,,,,,,JKL:K:KaneBrown:BuryMeInGeorgia,,6,FULL,Country,,FALSE
One Mississippi,Kane Brown,Am,3:00,100,,,,,,Am,,JKL:K:KaneBrown:OneMississippi,,4,FULL,Country,,FALSE
Golden Hour,Kasey Musgraves,A,,,,,,,,,,JKL:K:KaceyMusgraves:GoldenHour,,3,FULL,Country,,FALSE
Shake Your Booty,KC & the Sunshine Band,Cm,,,,,,,,,,JKL:K:KCSunshineBand:ShakeYourBooty,,9,FULL,Disco,,TRUE
I'm Easy,Keith Carradine,C,3:00,120,,,,,,,,JKL:K:KeithCarradine:ImEasy,,2,FULL,Folk,Ballad,FALSE
The Fighter,Keith Urban,Bm,2:40,,8,RC,,,,,,JKL:K:KeithUrban:TheFighter,The   Fight,7,FULL,Country,,FALSE
Tonight I Wanna Cry,Keith Urban,G,3:59,104,,,,,,,,JKL:K:KeithUrban:TonightIWannaCry,,3,FULL,Country,,FALSE
Breakaway,Kelly Clarkson,Am,3:45,,6,RC,A01,,,,3/4,JKL:K:KellyClarkson:Breakaway,Break  Away,7,FULL,Pop Rock,,TRUE
Since U Been Gone,Kelly Clarkson,G,3:10,,8,RC,A01,,,,,JKL:K:KellyClarkson:SinceUBeenGone,SinceUGone,8,FULL,Pop Rock,,TRUE
Everyone She Knows,Kenny Chesney,F,,,,,,,,,,JKL:K:KennyChesney:EveryoneSheKnows,,4,FULL,Country,,FALSE
Dancin' In The Moonlight,King Harvest,Cm,3:00,110,,,,,,,,JKL:K:KingHarvest:DancinInTheMoonlight,,7,FULL,Pop Rock,,TRUE
Get Down On It,Kool and the Gang,Em,4:00,,,,,,,,,JKL:K:KoolAndTheGang:GetDownOnIt,,7,FULL,Funk,Disco,TRUE
Black Horse and the Cherry Tree,KT Tunstall,Em,2:20,103,8,,,,,,,JKL:K:KTTunsall:BlackHorseAndTheCherryTree,,6,FULL,Folk Rock,,FALSE
Suddenly I See,KT Tunstall,D,,,,,,,,,,JKL:K:KTTunsall:SuddenlyISee,,7,FULL,Rock,,FALSE
4x4xU,Lainey Wilson,G,,,,,,,,,,JKL:L:LaineyWilson:4x4xU,,5,FULL,Country,,FALSE
You Say,Lauren Daigle,F,4:00,148,,,M25,,,,,JKL:L:LaurenDaigle:YouSay,,3,FULL,Pop,Christian,FALSE
Falling,Leblanc & Carr,Am,,,,,,,,,,JKL:L:LeblancCarr:Falling,,3,FULL,Soft Rock,Ballad,FALSE
Beyond,Leon Bridges ( feat Luke Combs ),G,,,,,,,,,,JKL:L:LeonBridges:Beyond,,3,FULL,Soul,Ballad,FALSE
Back In The USA,Linda Ronstadt,G,3:00,165,4,RC,P55,,,,,JKL:L:LindaRonstadt:BackInTheUSA,BackIn USA,7,FULL,Rock,,FALSE
Heat Wave,Linda Ronstadt,Eb,2:45,165,8,RC,P55,,,,,JKL:L:LindaRonstadt:HeatWave,Heat  Wave,7,FULL,Motown,Pop Rock,FALSE
Its So Easy,Linda Ronstadt,E,2:45,120,,,,,,,,JKL:L:LindaRonstadt:ItsSoEasy,,6,FULL,Rock,,FALSE
Long Long Time,Linda Ronstadt,Am,,,,,,,,,,JKL:L:LindaRonstadt:LongLongTime-am,,3,FULL,Country,Ballad,FALSE
Long Long Time,Linda Ronstadt,Em,,,,,,,,,,JKL:L:LindaRonstadt:LongLongTime,,3,FULL,Country,Ballad,FALSE
Deep River Woman,Lionel Richie,G,,135,,,,,,,,JKL:L:LionelRichie:DeepRiverWoman,,4,FULL,Country,Soul,FALSE
Don't Expect Me To Be Your Friend,Lobo,C,3:30,78,8,,,,,,,JKL:L:Lobo:DontExpectMeToBeYourFriend,,4,FULL,Soft Rock,,FALSE
I'd Love You To Want Me,Lobo,G,3:45,,8,,,,,,,JKL:L:Lobo:IdLoveYouToWantMe,,3,FULL,Soft Rock,Ballad,FALSE
Me And You And A Dog Named Boo,Lobo,Bb,3:30,90,,,,,,,,JKL:L:Lobo:MeAndYouAndADogNamedBoo,,4,FULL,Folk,Soft Rock,FALSE
Brandy (You're A Fine Girl),Looking Glass,E,3:00,126,8,RC,N51,,,E,,JKL:L:LookingGlass:Brandy,Brandy,4,FULL,Pop Rock,,TRUE
Te Ni Nee Ni,Lou Ann Barton,E,,,,,,,,,,JKL:L:LouAnnBarton:TeNiNeeNi,,6,FULL,Blues,,FALSE
Dream A Little Dream Of Me,Louis Armstrong,C,1:10,133,,,,,,,,JKL:L:LouisArmstrong:DreamALittleDream-c,,2,FULL,Jazz,Ballad,FALSE
Dream A Little Dream Of Me,Louis Armstrong,G,,133,,,,,,,,JKL:L:LouisArmstrong:DreamALittleDream,,2,FULL,Jazz,Ballad,FALSE
What A Wonderful World,Louis Armstrong,Bb,,108,,,,,,,,JKL:L:LouisArmstrong:WhatAWonderfulWorld-bb,,2,FULL,Jazz,Ballad,TRUE
What A Wonderful World,Louis Armstrong,F,,108,,,,,,,,JKL:L:LouisArmstrong:WhatAWonderfulWorld,,2,FULL,Jazz,Ballad,TRUE
Play It Again,Luke Bryan,C,,,,,,,,,,JKL:L:LukeBryan:PlayItAgain,,6,FULL,Country,,FALSE
Run Run Rudolph,Luke Bryan,A,2:30,151,4,,,,,,,VWX:X:Xmas:RunRunRudolph,,7,FULL,Christmas,,FALSE
Be By You,Luke Combs,C,2:55,94,4,RC,,P33,,,,JKL:L:LukeCombs:BeByYou,,4,FULL,Country,,FALSE
Can't Tell Me I'm Wrong,Luke Combs,Bb,2:50,126,6,RC,P33,,,,,JKL:L:LukeCombs:CantTellMeImWrong,,6,FULL,Country,,FALSE
Sweet Home Alabama,Lynard Skynard,D,,,,,,,,,,JKL:L:LynyrdSkynyrd:SweetHomeAlabama,,8,FULL,Southern Rock,,TRUE
What's Your Name,Lynyrd Skynyrd,G,3:10,135,8,RC,,,,,,JKL:L:LynyrdSkynyrd:WhatsYourName,Whats YrNam,6,FULL,Southern Rock,,FALSE
I Wish You Would,Mackenzie Carpenter & Midland,D,3:10,,,,,,,,,MNO:M:MackenzieCarpenter:IWishYouWould,,5,FULL,Country,,FALSE
La Isla Bonita,Madonna,C#m,4:00,100,8,RC,P54,,,C#m,,MNO:M:Madonna:LaIslaBonita,LaIslaBonita,7,FULL,Pop,Latin Pop,FALSE
Dream A Little Dream Of Me,Mama Cass,C,,133,,,,,,,,MNO:M:MamaCass:DreamALittleDreamOfMe,,2,FULL,Pop,Jazz,FALSE
"Someday, Someway",Marchall Crenshall,A,2:45,155,8,RC,,,,,,MNO:M:MarshallCrenshaw:SomedaySomeway,,6,FULL,Pop Rock,,FALSE
One Day She’s Here,Marcus King Band,Bm,,,,,,,,,,MNO:M:MarcusKing:OneDayShesHere,,5,FULL,Blues Rock,,FALSE
Can't You See,Marshall Tucker Band,D,5:00,164,4,,N34,,,A,,MNO:M:MarshallTuckerBand:CantYouSee,,5,FULL,Southern Rock,,TRUE
Can't You See,Marshall Tucker Band,A,5:00,164,4,,N34,,,A,,MNO:M:MarshallTuckerBand:CantYouSee-a,,5,FULL,Southern Rock,,TRUE
Fire On The Mountain,Marshall Tucker Band,Em,,,,,,,,,,MNO:M:MarshallTuckerBand:FireOnTheMoutain,,6,FULL,Southern Rock,,FALSE
Heard It in a Love Song,Marshall Tucker Band,D,4:20,110,,,,,,,,MNO:M:MarshallTuckerBand:HeardItInALoveSong,,5,FULL,Southern Rock,,FALSE
I Feel Lucky,Mary Chapin Carpenter,B,3:20,120,8,RC,A01,,,,,MNO:M:MaryChapinCarpenter:IFeelLucky,IFeel Lucky,6,FULL,Country,,FALSE
The Walk,Mayer Hawthorne,A,,,,,,,,,,MNO:M:MayerHawthorne:TheWalk,,6,FULL,Soul,,FALSE
Are You Hungry Tonight?,Michael Sadri,C,2:50,66,,,,,,,3/4,MNO:M:MichaelSadri:AreYouHungryTonight,,,,,,
Going To Montana - Original,Michael Sadri,C,,,,,,,,,,MNO:M:MichaelSadri:GoingToMontana-orig,,,,,,
Going To Montana,"Michael Sadri, Scott Davidson",Am,3:30,136,,,,,,,,MNO:M:MichaelSadri:GoingToMontana,,,,,,
Going To Montana,"Michael Sadri, Scott Davidson",Am,3:30,136,8,,P14,,,,,STU:S:ScottDavidson:GoingToMontana,,,,,,
Cheatin' Songs,Midland,D,3:10,110,,,,,,,,MNO:M:Midland:CheatinSong,,6,FULL,Country,,FALSE
Drinkin' Problem,Midland,A,3:00,102,4,RC,P25,,,,,MNO:M:Midland:DrinkingProblem,DrnkinPrblm,6,FULL,Country,,TRUE
Fourteen Gears,Midland,D,,,,,,,,,,MNO:M:Midland:FourteenGears,,5,FULL,Country,,FALSE
Old Fashioned Feeling,Midland,G,,,,,,,,,,MNO:M:Midland:OldFashionedFeeling,,4,FULL,Country,,FALSE
Roll Away,Midland,C,,,,,,,,,,MNO:M:Midland:RollAway,,5,FULL,Country,,FALSE
Take Her Off Your Hands,Midland,D,,,,,,,,,,MNO:M:Midland:TakeHerOffYourHands,,5,FULL,Country,,FALSE
Vegas,Midland,D,3:28,133,,,,,,,,MNO:M:Midland:Vegas,,6,FULL,Country,,FALSE
All I Need Is A Miracle,Mike and the Mechanics,F,3:10,120,8,RC,P15,,,,,MNO:M:Mike+TheMechanics:AllINeedIsAMiracle,All I Need,6,FULL,Pop Rock,,FALSE
All I Need Is A Miracle,Mike and the Mechanics,D,3:10,120,8,RC,15,,,,,MNO:M:Mike+TheMechanics:AllINeedIsAMiracle-a,All I Need,6,FULL,Pop Rock,,FALSE
Your Love Stays With Me,Mike Reid,E,,,,,,,,,,MNO:M:MikeReid:YourLoveStaysWithMe,,,,,,
Forever's As Far As I'll Go,Mike Reid/Alabama,Eb,,,,,,,,,,PQR:R:RandyTravis:ForeversAsFarAsIllGo,,4,FULL,Country,,FALSE
Flowers,Miley Cyrus,Am,3:00,122,8,,N21,,,,,MNO:M:MileyCyrus:Flowers,,6,FULL,Pop,,TRUE
Butterfly Fly Away,Miley Cyrus / Billy Ray Cyrus,Eb,2:35,136,,,P23,,,,,MNO:M:MileyCyrus:ButterflyFlyAway,,3,FULL,Pop,Ballad,FALSE
Devil With The Blue Dress,Mitch Ryder and The Detroit Wheels,C,,,,,,,,,,MNO:M:MitchRyder:DevilWithTheBlueDress,,8,FULL,Rock,,TRUE
I Melt With You,Modern English,C,3:55,156,8,RC,O55,,,,,MNO:M:ModernEnglish:IMeltWithYou,I MeltWithU,7,FULL,New Wave,,TRUE
7 Summers,Morgan Wallen,C,3:10,102,4,,N24,,,,4/4,MNO:M:MorganWallen:SevenSummers,,3,FULL,Country,,FALSE
Love Somebody,Morgan Wallen,Em,3:00,120,8,RC,P52,,,,,MNO:M:MorganWallen:LoveSomebody,Love  Smbody,4,FULL,Country,,FALSE
More Than My Hometown,Morgan Wallen,F,3:10,126,,,,,,,4/4,MNO:M:MorganWallen:MoreThanMyHometown,,5,FULL,Country,,FALSE
More Than My Hometown,Morgan Wallen,G,3:10,126,,,,,,,4/4,MNO:M:MorganWallen:MoreThanMyHometown-g,,5,FULL,Country,,FALSE
Sand In My Boots,Morgan Wallen,C,3:05,70,,,N52,,,,,MNO:M:MorganWallen:SandInMyBoots,,3,FULL,Country,,FALSE
Somebody's Problem,Morgan Wallen,F,2:10,97,,,,,,,,MNO:M:MorganWallen:SomebodysProblem,,6,FULL,Country,,FALSE
Man Made A Bar,Morgan Wallen (Eric Church),E,,105,,,,,,,,MNO:M:MorganWallen:ManMadeABar-e,,5,FULL,Country,,FALSE
Man Made A Bar,Morgan Wallen (Eric Church),C,,105,,,,,,,,MNO:M:MorganWallen:ManMadeABar,,5,FULL,Country,,FALSE
Caldonia,Muddy Waters,G,,120,,,,,,,,MNO:M:MuddyWaters:Caldonia,,6,FULL,Blues,,FALSE
These Boots Are Made For Walkin',Nancy Sinatra,E,2:20,84,4,,,,,E,,MNO:N:NancySinatra:TheseBootsWereMadeForWalkin,,6,FULL,Pop,,TRUE
L-O-V-E,Nat King Cole,G,,78,,,,,,,,MNO:N:NatKingCole:L_O_V_E,,5,FULL,Jazz,Pop,FALSE
L-O-V-E,Nat King Cole,C,,78,,,,,,,,MNO:N:NatKingCole:L_O_V_E-C,,5,FULL,Jazz,Pop,FALSE
Torn,Natalie Imbruglia,F,3:35,96,4,RC,P51,,,,,MNO:N:NatalieImbruglia:Torn,Torn,5,FULL,Pop Rock,,TRUE
Forever In Blue Jeans,Neil Diamond,A,,,,,,,,,,MNO:N:NeilDiamond:ForeverInBlueJeans,,6,FULL,Pop,,FALSE
Sweet Caroline,Neil Diamond,B,3:24,63,,,,,,,,MNO:N:NeilDiamond:SweetCaroline,,7,FULL,Pop,,TRUE
Harvest Moon,Neil Young,D,3:45,90,,,,,,,,MNO:N:NeilYoung:HarvestMoon,,3,FULL,Folk Rock,,FALSE
You Get What You Give,New Radicals,D,4:20,114,,,,,,,,MNO:N:NewRadicals:YouGetWhatYouGive,,7,FULL,Pop Rock,,TRUE
Put A Little Love On Me,Niall Horan,G,,,,,,,,,,MNO:N:NiallHoran:PutALittleLoveOnMe,,4,FULL,Pop,,FALSE
This Town,Niall Horan,G,,,,,,,,,,MNO:N:NiallHoran:ThisTown,,3,FULL,Pop,Ballad,FALSE
Cruel To Be Kind,Nick Lowe,C,3:10,125,8,RC,P11,,P26,,,MNO:N:NickLowe:CruelToBeKind,Cruel BeKind,6,FULL,Pop Rock,,FALSE
Dancin' Shoes,Nigel Olsson,Bm,,101,,,,,,,,MNO:N:NigelOlsson:DancinShoes,,6,FULL,Pop,,FALSE
Don't Speak,No Doubt(Gwen Stephani),Cm,3:45,76,4,,N45,,,,,MNO:N:NoDoubt:DontSpeak,,5,FULL,Pop Rock,,TRUE
Don't Know Why,Norah Jones,Bb,3:06,88,4,RC,??,,,,,MNO:N:NorahJones:DontKnowWhy,Dont  Know,2,FULL,Jazz,Soft Pop,FALSE
Use Ta Be My Girl,O'Jays,F,,,,,,,,,,MNO:O:O_Jays:UseTaBeMyGirl,,6,FULL,Soul,Motown,FALSE
Firewater,Old Crow Medicine Show,G],3:00,,,,,,,,,MNO:O:OldCrowMedicineShow:Firewater,,6,FULL,Country,Folk,FALSE
All I Want,Olivia Rodrigo,G,,,,,,,,,,MNO:O:OliviaRodrigo:AllIWant,,5,FULL,Pop,,FALSE
Carry On,Pat Green,D,,,,,,,,,,PQR:P:PatGreen:CarryOn,,5,FULL,Country,,FALSE
Crazy,Pat Green,G,,,,,,,,,,PQR:P:PatGreen:Crazy,,4,FULL,Country,,FALSE
Whiskey,Pat Green,D,4:00,167,8,,N35,,,,,PQR:P:PatGreen:Whiskey,,5,FULL,Country,,FALSE
I Don't Like To Sleep Alone,Paul Anka,Bb,3:00,75,,,,,,,,PQR:P:PaulAnka:IDontLikeToSleepAlone,,3,FULL,Pop,Ballad,FALSE
Silly Love Songs,Paul McCartney,C,,,,,,,,,,PQR:P:PaulMcCartney:SillyLoveSongs,,6,FULL,Pop,,FALSE
Wonderful Christmastime,Paul McCartney,G,,,,,,,,,,VWX:X:Xmas:WonderfulChristmastime,,6,FULL,Christmas,,FALSE
Kodachrome,Paul Simon,D,,136,,,,,,,,PQR:P:PaulSimon:Kodachrome,,6,FULL,Pop Rock,,FALSE
You Have The Right To Remain Silent,Perfect Stranger,G,,,,,,,,,,PQR:P:PerfectStranger:YouHaveTheRightToRemainSilent,,5,FULL,Country,,FALSE
West End Girls,Pet Shop Boys,Dm,,,,,,,,,,PQR:P:PetShopBoys:WestEndGirls,,7,FULL,Synth Pop,New Wave,TRUE
Let My Love Open The Door,Pete Townsend,A,2:30,165,8,RC,M51,,U35,A,,PQR:P:PeteTownsend:LetMyLoveOpenTheDoor,Let MyLove,6,FULL,Rock,,FALSE
Baby I Love Your Way,Peter Frampton,G,3:40,78,,,,,,,,PQR:P:PeterFrampton:BabyILoveYourWay,,3,FULL,Soft Rock,Ballad,FALSE
I'm In You,Peter Frampton,C,4:00,99,,,,,,C,,PQR:P:PeterFrampton:ImInYou,,4,FULL,Soft Rock,,FALSE
Show Me The Way,Peter Frampton,D,3:45,137,8,RC,,,,,,PQR:P:PeterFrampton:ShowMeTheWay,Show  MeWay,6,FULL,Rock,,FALSE
Do You Remember ?,Phil Collins,F,,,,,,,,,,PQR:P:PhilCollins:DoYouRemember,,3,FULL,Pop,Ballad,FALSE
I Had Some Help,Post Malone ( w/ Morgan Wallen),C,,,,,,,,,,PQR:P:PostMalone:IHadSomeHelp,,6,FULL,Country,Pop,FALSE
Purple Rain,Prince,A,3:50,60,,,,,,,,PQR:P:Prince:PurpleRain,PurpleRain,5,FULL,Rock,,TRUE
Love My Way,Psychedelic Furs,C,3:33,129,,,,,,,,PQR:P:PsychedelicFurs:LoveMyWay,,6,FULL,New Wave,,FALSE
The Ghost In You,Psychedelic Furs,Bb,3:40,123,8,RC,O55,,,,,PQR:P:PsychedelicFurs:TheGhostInYou,,5,FULL,New Wave,,FALSE
Let Me Love You Tonight,Pure Prairie League,Bb,,,,,,,,,,PQR:P:PurePrairieLeague:LetMeLoveYouTonight,,4,FULL,Country Rock,,FALSE
Creep,Radiohead,G,,,,,,,,,,PQR:R:Radiohead:Creep,,5,FULL,Alternative,,TRUE
Blitzkreig Bop,Ramones,A,2:12,180,,,,,,,,PQR:R:Ramones:BlitzkreigBop,,8,FULL,Punk,,TRUE
I Wanna Be Sedated,Ramones,E,,180,,,,,,,,PQR:R:Ramones:IWannaBeSedated,,8,FULL,Punk,,TRUE
Look Heart No Hands,Randy Travis,C,,,,,,,,,,PQR:R:RandyTravis:LookHeartsNoHands,,5,FULL,Country,,FALSE
This Is Me,Randy Travis,Eb,3:00,100,,,,,,,,PQR:R:RandyTravis:ThisIsMe,,4,FULL,Country,,FALSE
Where That Came From,Randy Travis,C,3:11,,,,,,,,,PQR:R:RandyTravis:WhereThatCameFrom,,4,FULL,Country,,FALSE
Go All The Way,Raspberries,A,2:50,120,8,RC,,,,,,PQR:R:Raspberries:GoAllTheWay,Go AllWay,7,FULL,Power Pop,,FALSE
Everything Is Beautiful,Ray Stevens,C,2:45,120,,,,,,,,PQR:R:RayStevens:EverythingIsBeautiful,,4,FULL,Pop,,FALSE
Poster Child,Red Hot Chilli Peppers,G,4:45,82,,,,,,,,PQR:R:RedHotChilliPeppers:PosterChild,,7,FULL,Rock,Funk,FALSE
Come And Get Your Love,Redbone,Bm,3:30,106,4,RC,??,,,,,PQR:R:Redbone:ComeAndGetYourLove,Come  Get,7,FULL,Rock,Funk,TRUE
Roll With The Changes,REO Speedwagon,C,,,,,,,,,,PQR:R:ReoSpeedwagon:RollWithTheChanges,,7,FULL,Rock,,TRUE
Take It On The Run,REO Speedwagon,G,,,,,,,,,,PQR:R:ReoSpeedwagon:TakeItOnTheRun,,6,FULL,Rock,,FALSE
Time For Me To Fly,REO Speedwagon,D,5:20,84,,,,,,,,PQR:R:ReoSpeedwagon:TimeforMeToFly,,5,FULL,Rock,,FALSE
Time For Me To Fly,REO Speedwagon,C,5:20,84,,,,,,,,PQR:R:ReoSpeedwagon:TimeforMeToFly-c,,5,FULL,Rock,,FALSE
When She Cries,Restless Heart,A,,113,,,,,,,,PQR:R:RestlessHeart:WhenSheCries,,3,FULL,Country,Ballad,FALSE
You Take My Breath Away,Rex Smith,Bb,,96,,,,,,,,PQR:R:RexSmith:YouTakeMyBreathAway,,2,FULL,Pop,Ballad,FALSE
Steal Away,Robbie Dupree,F,3:00,120,8,,,,,,F,PQR:R:RobbieDupree:StealAway,,5,FULL,Soft Rock,,FALSE
Steal Away,Robbie Dupree,A,3:00,120,8,,,,,,F,PQR:R:RobbieDupree:StealAway-a,,5,FULL,Soft Rock,,FALSE
Bad Case Of Lovin' You,Robert Palmer,E,2:50,146,8,RC,,,,,,PQR:R:RobertPalmer:BadCaseOfLovinYou,BadCaseLove,8,FULL,Rock,,FALSE
Every Kinda People,Robert Palmer,F,,,,,,,,,,PQR:R:RobertPalmer:EveryKindaPeople,,6,FULL,Reggae,Pop Rock,FALSE
Can't Let Go,Robert Plant & Alison Krauss,E,2:50,176,4,RC,O15,,,,,PQR:R:RobertPlant:CantLetGo,Cant  LetGo,4,FULL,Rock,Folk,FALSE
Killing Me Softly With His Song,Roberta Flack,A,,122,,,,,,,,PQR:R:RobertaFlack:KillingMeSoftly,,2,FULL,Soul,Ballad,TRUE
Tired Of Toein' The Line,Rocky Burnette,E,3:30,120,8,RC,O14,,,,,PQR:R:RockyBurnette:TiredOfToeinTheLine-e,Toein  Line,7,FULL,Rockabilly,,FALSE
Tired Of Toein' The Line,Rocky Burnette,G,3:30,120,8,RC,O14,,,,,PQR:R:RockyBurnette:TiredOfToeinTheLine,Toein  Line,7,FULL,Rockabilly,,FALSE
Miss You,Rolling Stones,Am,,,,,,,,,,PQR:R:RollingStones:MissYou,,7,FULL,Rock,Disco,FALSE
Under My Thumb,Rolling Stones,A,3:40,127,8 (with pickup)),RC,P51,,,,,PQR:R:RollingStones:UnderMyThumb,UndrMyThumb,6,FULL,Rock,,FALSE
Waiting On A Friend,Rolling Stones,C,4:20,114,,RC,P55,,,,,PQR:R:RollingStones:WaitingOnAFriend,,4,FULL,Rock,,FALSE
What I Like About You,Romantics,A,2:20,166,8,RC,P44,,,,,PQR:R:Romantics:WhatILikeAboutYou,What ILike,8,FULL,Rock,,TRUE
There's No Getting Over Me,Ronnie Milsap,E,3:30,100,4,RC,P55,,,E,,PQR:R:RonnieMilsap:TheresNoGettingOverMe,,6,FULL,Country,,FALSE
There's No Getting Over Me,Ronnie Milsap,C,3:30,100,4,RC,P55,,,E,,PQR:R:RonnieMilsap:TheresNoGettingOverMe-c,,6,FULL,Country,,FALSE
Apt,Rose & Bruno Mars,Eb,2:40,149,4,RC,P51,,,,,ABC:B:BrunoMars:Apt,Apt,8,FULL,Pop,,TRUE
Smooth Operator,Sade,Am,3:30,120,0,,53,,,,,STU:S:Sade:SmoothOperator,,4,FULL,Soul,R&B,FALSE
Chevy Van,Sammy Johns,A,,,,,,,,,,STU:S:SammyJohns:ChevyVan,,5,FULL,Soft Rock,,FALSE
Black Magic Woman,Santana,Dm,,,,,,,,,,STU:S:Santana:BlackMagicWoman,,6,FULL,Latin Rock,Blues Rock,FALSE
Corazon Espinado,Santana,Bm,3:30,120,0,,P00,,,,4/4,STU:S:Santana:CorazonEspinado,,7,FULL,Latin Rock,,FALSE
Evil Ways,Santana,Gm,3:30,78,,,P25,,,,,STU:S:Santana:EvilWays,,6,FULL,Latin Rock,,FALSE
Smooth,Santana,Am,4:00,116,0,,P25,,,,,STU:S:Santana:Smooth,,7,FULL,Latin Rock,,TRUE
Sleep Walk,Santo and Johnny,C,,,,,,,,,,STU:S:SantoAndJohnny:SleepWalk,,2,NONE,Instrumental,,FALSE
Diminished Idea,Scott Davidson,Bb,3:00,86,,,,,,,,STU:S:ScottDavidson:DiminishedIdea,,,,,,
Dream Drift,Scott Davidson,F,3:00,86,,,,,,,,STU:S:ScottDavidson:DreamDrift,,,,,,
Hesitate (partial),Scott Davidson,Bb,3:00,86,,,,,,,,STU:S:ScottDavidson:Hesitate,,,,,,
Progress (for now),Scott Davidson,D,2:00,,,,,,,,,STU:S:ScottDavidson:Progress,,,,,,
Sunrise in Cork,Scott Davidson,G,2:00,,,,,,,,,STU:S:ScottDavidson:SunriseInCork,,,,,,
When Will We Sing Together Again,Scott Davidson,F,2:30,102,,,,,,,,STU:S:ScottDavidson:WhenWillWeSingTogetherAgain,,,,,,
Kiss From A Rose,Seal,G,4:30,131,,,,,,,6/8,STU:S:Seal:KissFromARose,,4,FULL,Pop,Ballad,TRUE
We May Never Pass This Way Again,Seals & Crofts,E,3:50,45,4,RC,M14,,,,,STU:S:SealsCrofts:WeMayNeverPassThisWayAgain,WeMay Never,4,FULL,Soft Rock,,FALSE
Diamond Girl,Seals and Crofts,Am,3:45,127,8,RC,O42,,P26,,,STU:S:SealsCrofts:DiamondGirl,DiamndGirl,4,FULL,Soft Rock,,FALSE
Summer Breeze,Seals and Crofts,E,3:25,76,4,,41,P55,P25,,,STU:S:SealsCrofts:SummerBreeze,,4,FULL,Soft Rock,,FALSE
Venus,Shocking Blue,A,,,,,,,,,,STU:S:ShockingBlue:Venus,,7,FULL,Rock,,TRUE
Leave the Door Open,Silk Sonic,F,,,,,,,,,,STU:S:SilkSonic:LeaveTheDoorOpen,,4,FULL,Soul,R&B,FALSE
Kiss Me,Sixpence None The Richer,C,2:50,100,4,RC,O12,,,Eb,,STU:S:SixpenceNoneTheRicher:KissMe,Kiss  Me,5,FULL,Pop,,TRUE
There She Goes,Sixpence None The Richer,G,2:42,123,4,RC,P24,,,Bb,,STU:S:SixpenceNoneTheRicher:ThereSheGoes,There  She,6,FULL,Pop Rock,,FALSE
Tainted Love,Soft Cell,Gm,2:30,144,,,,,,,,STU:S:SoftCell:TaintedLove,,7,FULL,Synth Pop,New Wave,TRUE
I'll Be Around,Spinners,E,,120,,,,,,,,STU:S:Spinners:IllBeAround,,3,FULL,Soul,,FALSE
Black Coffee In Bed,Squeeze,D,3:12,110,,,,,,,,STU:S:Squeeze:BlackCoffeeInBed,,5,FULL,Pop Rock,,FALSE
Sweet City Woman,Stampeders,G,,,,,,,,,,STU:S:Stampeders:SweetCityWoman,,6,FULL,Pop Rock,,FALSE
Moonlight Feels Right,Starbuck,C,,,,,,,,,,STU:S:Starbuck:MoonlightFeelsRight,,6,FULL,Soft Rock,,FALSE
Steppin' Out,Steel Pulse,F#m,4:30,148,,,,,,,,STU:S:SteelPulse:SteppinOut,,6,FULL,Reggae,,FALSE
Good Corn Liquor,Steeldrivers,E,,,,,,,,,,STU:S:Steeldrivers:GoodCornLiquor,,6,FULL,Bluegrass,Country,FALSE
Born To Be Wild,"Steppenwolf, Adam Lambert",E,,,,,,,,,,STU:S:Steppenwolf:BornToBeWild,,8,FULL,Rock,,TRUE
Take The Money And Run,Steve Miller Band,G,2:52,,,,,,,,,STU:S:SteveMillerBand:TakeTheMoneyAndRun,,7,FULL,Rock,,TRUE
Take The Money And Run (BASS),Steve Miller Band,G,2:52,,,,,,,,,STU:S:SteveMillerBand:TakeTheMoneyAndRun-Bass,,7,NONE,Rock,,FALSE
House is a Rockin',Stevie Ray Vaughan,B,2:05,172,8,RC,,,,,,STU:S:StevieRayVaughan:HouseIsARockin,HouseRockn,8,FULL,Blues Rock,,FALSE
House is a Rockin',Stevie Ray Vaughan,C,2:05,172,8,RC,,,,,,STU:S:StevieRayVaughan:HouseIsARockin-c,HouseRockn,8,FULL,Blues Rock,,FALSE
Don't You Worry 'Bout A Thing,Stevie Wonder,Ebm,,,,,,,,,,STU:S:StevieWonder:DontYouWorryBoutAThing,,7,FULL,Funk,Soul,FALSE
Lately,Stevie Wonder,C,3:30,,,,,,,,,STU:S:StevieWonder:Lately,,2,FULL,Soul,Ballad,FALSE
White Sands,Still Corners,Dm,,,,,,,,,,STU:S:StillCorners:WhiteSands,,4,FULL,Dream Pop,,FALSE
Stray Cat Strut,Stray Cats,Cm,3:00,132,,,,,,,,STU:S:StrayCats:StrayCatStrut,,6,FULL,Rockabilly,,FALSE
Is This Love,Survivor,F,,,,,,,,,,STU:S:Survivor:IsThisLove,,5,FULL,Rock,Ballad,FALSE
Little by Little,Susan Tedeschi,E,,,,,,,,,,STU:S:SusanTedeschi:LittleByLittle,,6,FULL,Blues Rock,,FALSE
If You Can't Give Me Love,Suzi Quatro,,,,,,,,,,,STU:S:SuziQuatro:IfYouCantGiveMeLove,,6,FULL,Rock,,FALSE
Stumblin' In,Suzy Quatro,G,,,,,,,,,,STU:S:SuziQuatro:StumblinIn,,5,FULL,Pop Rock,,FALSE
Nobody,Sylvia,C,3:10,,8,RC,P00,,,,,STU:S:Sylvia:Nobody,Nobody,4,FULL,Country,,FALSE
Get It On,T.Rex,E,4:00,125,,,,,,,,STU:T:T.Rex:GetItOn,,7,FULL,Glam Rock,,TRUE
Our Song,Taylor Swift,D,2:40,89,4,RC,,,,,,STU:T:TaylorSwift:OurSong,Our   Song,5,FULL,Country,Pop,FALSE
Style,Taylor Swift,G,,,,,,,,,,STU:T:TaylorSwift:Style,,7,FULL,Pop,,FALSE
You Belong With Me,Taylor Swift,G,,,,,,,,,,STU:T:TaylorSwift:YouBelongWithMe,,6,FULL,Country,Pop,TRUE
Mad World,Tears for Fears,Em,3:00,102,,BB,P54,,,,,STU:T:TearsForFears:MadWorld,,3,FULL,New Wave,Ballad,FALSE
Seasons in the Sun,Terry Jacks,F,3:30,100,,,,,,,,STU:T:TerryJacks:SeasonsInTheSun,,3,FULL,Pop,Ballad,FALSE
One Way Out,The Allman Brothers Band,A,,110,,,,,,,,ABC:A:AllmanBrothers:OneWayOut,,8,FULL,Southern Rock,Blues Rock,FALSE
Evangeline,The Band,A,2:50,140,,,,,,,,ABC:B:Band:Evangeline,,5,FULL,Roots Rock,Country Rock,FALSE
Eternal Flame,The Bangles,G,3:50,80,,,,,,,,ABC:B:Bangles:EternalFlame,,3,FULL,Pop,,FALSE
Be True to Your School,The Beach Boys,G,2:00,144,,,,,,,,ABC:B:BeachBoys:BeTrueToYourSchool,,7,FULL,Pop,Surf Rock,FALSE
Little Saint Nick,The Beach Boys,G,1:45,131,,,,,,,,VWX:X:Xmas:LittleSaintNick,,6,FULL,Christmas,,FALSE
Here Comes The Sun,The Beatles,A,,,,,,,,,,ABC:B:Beatles:HereComesTheSun-c,,5,FULL,Pop Rock,,TRUE
Here Comes The Sun,The Beatles,A,,,,,,,,,,ABC:B:Beatles:HereComesTheSun,,5,FULL,Pop Rock,,TRUE
Here Comes The Sun,The Beatles,C,,,,,,,,,,ABC:B:Beatles:HereComesTheSun-c-jeff,,5,FULL,Pop Rock,,TRUE
Please Mr. Postman,The Beatles,A,2:00,122,,,,,,,,ABC:B:Beatles:PleaseMrPostman,,7,FULL,Pop,Motown,FALSE
Real Love,The Beatles,C,,,,,,,,,,ABC:B:Beatles:RealLove,,4,FULL,Pop,,FALSE
You Wont See Me,The Beatles,A,3:22,116,,,,,,,,ABC:B:Beatles:YouWontSeeMe,,5,FULL,Pop Rock,,FALSE
Remedy,The Black Crowes,Bb,4:45,80,,,,,,,,ABC:B:BlackCrowes:Remedy,,7,FULL,Blues Rock,,FALSE
Marie Marie,The Blasters,G,3:10,130,,,,,,,,ABC:B:Blasters:MarieMarie,,7,FULL,Rockabilly,,FALSE
In The Air,The California Honeydrops,E,,,,,,,,,,ABC:C:CaliforniaHoneydrops:InTheAir,,6,FULL,Soul,Funk,FALSE
Drive,The Cars,B,,,,,,,,,,ABC:C:Cars:Drive,,3,FULL,New Wave,,FALSE
Magic,The Cars,A,4:00,125,,RC,,,,,,ABC:C:Cars:Magic,,7,FULL,New Wave,Pop Rock,FALSE
My Best Friend's Girl,The Cars,F,3:45,130,,,,,,,,ABC:C:Cars:MyBestFriendsGirl,,7,FULL,New Wave,Pop Rock,FALSE
You Might Think,The Cars,D,3:04,140,,,,,,,,ABC:C:Cars:YouMightThink,,7,FULL,New Wave,,FALSE
Under The Milky Way,The Church,Am,5:00,66,8,RC,P45,C012,,,,STU:T:TheChurch:UnderTheMilkyWay,Under Milky,4,FULL,Alternative,,FALSE
Should I Stay (Or Should I Go) (BASS),The Clash,D,,,,,,,,,,STU:T:TheClash:ShouldIStay-bass,,7,NONE,Punk,Rock,FALSE
Friday I'm In Love,The Cure,D,3:15,136,5,RC,,,,,,ABC:C:Cure:FridayImInLove,FridayInLove,7,FULL,Alternative,New Wave,TRUE
Just Like Heaven,The Cure,A,3:10,153,,,,,,,,ABC:C:Cure:JustLikeHeaven,,7,FULL,Alternative,New Wave,FALSE
Just Like Heaven,The Cure / Lumineers,A,,,,,,,,,,JKL:L:Lumineers:JustLikeHeaven,,5,FULL,Folk Rock,Alternative,FALSE
The Air That I Breathe,The Hollies,C,,,,,,,,,,GHI:H:Hollies:TheAirThatIBreathe,,3,FULL,Pop,Ballad,FALSE
And We Danced,The Hooters,A,3:45,144,8,RC,P31,,,G,,GHI:H:Hooters:AndWeDanced,And WeDance,7,FULL,Rock,,FALSE
And We Danced,The Hooters,G,3:45,144,8,RC,P31,,,G,,GHI:H:Hooters:AndWeDanced-g,And WeDance,7,FULL,Rock,,FALSE
Don't You Want Me,The Human League,Am,,,,,,,,,,GHI:H:HumanLeague:DontYouWantMe,,7,FULL,Synth Pop,New Wave,TRUE
Honky Tonk Women,The Rolling Stones,G,2:50,121,4,,N51,,,,4/4,PQR:R:RollingStones:HonkyTonkWomen,,7,FULL,Rock,,TRUE
Be My Baby,The Ronettes,A,2:40,138,,,,,,,,PQR:R:Ronettes:BeMyBaby,,6,FULL,Pop,,FALSE
Blinding Lights,The Weeknd,Fm,3:20,171,,,,,,,,VWX:W:Weeknd:BlindingLights,,9,FULL,Synth Pop,,TRUE
Save Your Tears,The Weeknd,C,,,,,,,,,,VWX:W:Weeknd:SaveYourTears,,6,FULL,Synth Pop,,FALSE
That Thing You Do,The Wonders,E,2:30,134,8,RC,O52,,,,,VWX:W:Wonders:ThatThingYouDo,,7,FULL,Pop Rock,,TRUE
That Thing You Do,The Wonders,A,2:30,134,8,RC,O52,,,,,VWX:W:Wonders:ThatThingYouDo-a,,7,FULL,Pop Rock,,TRUE
Die A Happy Man,Thomas Rhett,D,3:30,83,,,,,,,,STU:T:ThomasRhett:DieAHappyMan,,3,FULL,Country,Ballad,FALSE
Half Of Me,Thomas Rhett,G,2:45,112,4,RC,N35,,,,4/4,STU:T:ThomasRhett:HalfOfMe,HalfOf Me,4,FULL,Country,,FALSE
Half Of Me (updated),Thomas Rhett,G,3:15,112,,,N35,,,,4/4,STU:T:ThomasRhett:HalfOfMe-2,,4,FULL,Country,,FALSE
Shambala,Three Dog Night,E,3:00,128,4,,O55,,,,,STU:T:ThreeDogNight:Shambala,,7,FULL,Rock,,TRUE
Better Than I Used To Be,Tim Mcgraw,F,3:00,140,,,,,,,,STU:T:TimMcgraw:BetterThanIUsedToBe,,4,FULL,Country,,FALSE
My Angel Baby,Toby Beau,G,3:00,,,,,,,,,STU:T:TobyBeau:MyAngelBaby,,3,FULL,Soft Rock,Ballad,FALSE
Where You Gonna Go,Toby Keith,Bm,,129,,,,,,,4/4,STU:T:TobyKeith:WhereYouGonnaGo,,5,FULL,Country,,FALSE
Your Smile,Toby Keith,G,,77,,,,,,,4/4,STU:T:TobyKeith:YourSmile,,3,FULL,Country,Ballad,FALSE
Your Smile,Toby Keith,A,,77,,,,,,,4/4,STU:T:TobyKeith:YourSmile-a,,3,FULL,Country,Ballad,FALSE
I Saw The Light,Todd Rundgren,C,3:00,120,4,RC,M14,,P25,,,STU:T:ToddRundgren:ISawTheLight,I Saw Light,6,FULL,Power Pop,,FALSE
Breakdown,Tom Petty,Am,3:00,114,4,,P11,,P29,Am,,STU:T:TomPetty:Breakdown,,6,FULL,Rock,,FALSE
Don't Do Me Like That,Tom Petty,G,2:20,116,,,,,,,,STU:T:TomPetty:DontDoMeLikeThat,,7,FULL,Rock,,FALSE
Free Fallin',Tom Petty,D,3:30,85,4,,,,,E,,STU:T:TomPetty:FreeFallin,,6,FULL,Rock,,TRUE
Into The Great Wide Open,Tom Petty,Em,3:20,82,,,,,,,,STU:T:TomPetty:IntoTheGreatWideOpen,,5,FULL,Rock,,FALSE
Learning to Fly,Tom Petty,C,3:40,116,8,,???,,,C,,STU:T:TomPetty:LearningToFly,,5,FULL,Rock,,FALSE
Runnin' Down A Dream,Tom Petty,E,3:45,170,8,,N51,,,E,,STU:T:TomPetty:RunningDownADream,,8,FULL,Rock,,TRUE
You Don't Know How It Feels,Tom Petty,E,3:45,74,,,P31,,,,,STU:T:TomPetty:YouDontKnowHowItFeels,,6,FULL,Rock,,FALSE
You Wreck Me,Tom Petty,D,3:05,164,8,RC,,,,,,STU:T:TomPetty:YouWreckMe,You   Wreck,8,FULL,Rock,,TRUE
Mary Jane's Last Dance,Tom Petty & The Heartbreakers,Am,3:20,85,4,RC,,,,,,STU:T:TomPetty:MaryJanesLastDance,MryJneDance,8,FULL,Rock,,TRUE
Here Comes My Girl,Tom Petty and the Heartbreakers,E,4:00,104,4,RC,,,,,,STU:T:TomPetty:HereComesMyGirl,Here  Girl,6,FULL,Rock,,FALSE
Jenny 867-5309,Tommie Tutone,F#m,3:55,138,8,RC,P55,,P13,,,STU:T:TommyTutone:Jenny-867-5309,Jenny 8675,8,FULL,Rock,,TRUE
Calling San Francisco,Tommy Castro and the Painkillers,C,,,,,,,,,,STU:T:TommyCastroNPainkillers:CallingSanFrac,,6,FULL,Blues Rock,,FALSE
Calling San Francisco,Tommy Castro and the Painkillers,G,,,,,,,,,,STU:T:TommyCastroNPainkillers:CallingSanFran,,6,FULL,Blues Rock,,FALSE
Nasty Habits,Tommy Castro and the Painkillers,C,,,,,,,,,,STU:T:TommyCastroNPainkillers:NastyHabits,,6,FULL,Blues Rock,,FALSE
You Wanted More,Tonic,E,,114,,,,,,,,STU:T:Tonic:YouWantedMore,,6,FULL,Alternative,,FALSE
Rudolph The Red-Nosed Reindeer,Traditional,C,2:10,94,,,,,,,,VWX:X:Xmas:RudolphTheRedNosedReindeer,,6,FULL,Christmas,,TRUE
Winter Wonderland,Traditional,Eb,2:10,94,,,,,,,,VWX:X:Xmas:WinterWonderland,,5,FULL,Christmas,,TRUE
Hey Soul Sister,Train,B,,,,,,,,,,STU:T:Train:HeySoulSister,,7,FULL,Pop Rock,,TRUE
Handle With Care,Traveling Wilburys,G,3:18,122,4,RC,M22,,P12,,,STU:T:TravelingWilburys:HandleWithCare,HandleWCare,5,FULL,Rock,,FALSE
T-R-O-U-B-L-E,Travis Tritt,F,2:45,178,4,RC,,,,,,STU:T:TravisTritt:TROUBLE,Trouble,7,FULL,Country,,FALSE
Stuck In A Moment / I Still Haven't Found,U2,E / C,,TBD,,,N51,,,N51,,STU:U:U2:StuckInAMoment-IStillHaventFound,,5,FULL,Rock,,FALSE
Jump,Van Halen,C,3:55,130,,,,,,,,VWX:V:VanHalen:Jump,,9,FULL,Rock,,TRUE
Brown Eyed Girl,Van Morrison,G,3:01,149,8,RC,P55,,,,,VWX:V:VanMorrison:BrownEyedGirl,Brown EyGirl,7,FULL,Rock,Pop,TRUE
Fall To Pieces,Velvet Revolver,C,3:30,72,,,,,,C,,VWX:V:VelvetRevolver:FallToPieces,FallToPieces,5,FULL,Rock,,FALSE
Island In The Sun,Weezer,Em,3:00,115,4,RC,P54,,,,,VWX:W:Weezer:IslandInTheSun,IslandInSun,6,FULL,Alternative,,TRUE
Last Christmas,Wham!,C,4:00,151,4,,,,,C,,VWX:X:Xmas:LastChristmas,,5,FULL,Christmas,Pop,TRUE
Crazy,Willie Nelson,Eb,2:30,,,,,,,,,VWX:W:WillieNelson:Crazy,,2,FULL,Country,Ballad,FALSE
Time of the Season,Zombies,Em,,117,,,,,,,,YZ:Z:Zombies:TimeOfTheSeason,,5,FULL,Rock,,FALSE
She's Not There / Venus,Zombies / Shocking Blue,A,4:00,,,,O21,,,,,STU:S:ShockingBlue:ShesNotThere-Venus,,6,FULL,Rock,,FALSE