SONG ID,TITLE,ARTIST,KEY,PRIORITY,GIGS PLAYED,IN DRAFT SETLIST,ENERGY LEVEL,VOCAL INTENSITY,GENRE PRIMARY,GENRE SECONDARY,SING ALONG
DEF:E:ELO:WhenIWasABoy,When I Was A Boy,ELO ( Jeff Lynne ),C,HIGH - upcoming/most recent set,2026-01-01-MI; 2026-03-27-Moods; 2026-04-24-Moods; 2026-05-13-Hoedown-Hidden-Villas; 2026-06-05-FF; 2026-06-27-Moods,yes,,,,,
MNO:M:MichaelSadri:AreYouHungryTonight,Are You Hungry Tonight?,Michael Sadri,C,LOW - not yet in rotation,,,,,,,
STU:S:ScottDavidson:DiminishedIdea,Diminished Idea,Scott Davidson,Bb,LOW - not yet in rotation,,,,,,,
JKL:J:JonHume:DontForget,Don't Forget (Welcome to Wrexham),Jon Hume,C,LOW - not yet in rotation,,,,,,,
STU:S:ScottDavidson:DreamDrift,Dream Drift,Scott Davidson,F,LOW - not yet in rotation,,,,,,,
DEF:E:ELO:EvilWoman,Evil Woman,ELO,Am,LOW - not yet in rotation,,,,,,,
MNO:M:MichaelSadri:GoingToMontana,Going To Montana,"Michael Sadri, Scott Davidson",Am,LOW - not yet in rotation,,,,,,,
STU:S:ScottDavidson:GoingToMontana,Going To Montana,"Michael Sadri, Scott Davidson",Am,LOW - not yet in rotation,,,,,,,
MNO:M:MichaelSadri:GoingToMontana-orig,Going To Montana - Original,Michael Sadri,C,LOW - not yet in rotation,,,,,,,
STU:S:ScottDavidson:Hesitate,Hesitate (partial),Scott Davidson,Bb,LOW - not yet in rotation,,,,,,,
JKL:J:JoshTurner:Jacksonville-d,Jacksonville,Josh Turner,D,LOW - not yet in rotation,,,,,,,
ABC:A:AlexaVega:LostInYourOwnLife,Lost In Your Own Life,Alexa Vega,C,LOW - not yet in rotation,,,,,,,
DEF:E:ELO:MidnightBlue,Midnight Blue,ELO,F,LOW - not yet in rotation,,,,,,,
DEF:D:DavidBowie:ModernLove,Modern Love,David Bowie,C,LOW - not yet in rotation,,,,,,,
STU:S:ScottDavidson:Progress,Progress (for now),Scott Davidson,D,LOW - not yet in rotation,,,,,,,
STU:S:ScottDavidson:SunriseInCork,Sunrise in Cork,Scott Davidson,G,LOW - not yet in rotation,,,,,,,
STU:T:ThinLizzy:TheBoysAreBackInTown,The Boys Are Back In Town,Thin Lizzy,Ab,LOW - not yet in rotation,,,,,,,
STU:S:ScottDavidson:WhenWillWeSingTogetherAgain,When Will We Sing Together Again,Scott Davidson,F,LOW - not yet in rotation,,,,,,,
ABC:C:ChrisStapleton:WhatAreYouListeningToo,Where Are You Listening To?,Chris Stapleton,Bb,LOW - not yet in rotation,,,,,,,
MNO:M:MikeReid:YourLoveStaysWithMe,Your Love Stays With Me,Mike Reid,E,LOW - not yet in rotation,,,,,,,